{
  "IcoMoonType": "selection",
  "icons": [
    {
      "icon": {
        "paths": [
          "M512 20.48c-271.514 0-491.571 220.058-491.571 491.52 0 271.514 220.058 491.571 491.571 491.571 271.411 0 491.52-220.058 491.52-491.571 0-271.462-220.109-491.52-491.52-491.52zM511.949 901.12c-214.886 0-389.12-174.182-389.12-389.12s174.182-389.12 389.12-389.12 389.171 174.234 389.171 389.12-174.285 389.12-389.171 389.12zM614.4 307.2h-204.8v204.8h-128l230.4 230.4 230.4-230.4h-128v-204.8z"
        ],
        "attrs": [],
        "isMulticolor": false,
        "isMulticolor2": false,
        "tags": [
          "arrow-with-circle-down"
        ],
        "grid": 20
      },
      "attrs": [],
      "properties": {
        "id": 28,
        "order": 2,
        "prevSize": 20,
        "code": 59648,
        "name": "arrow-with-circle-down"
      },
      "setIdx": 0,
      "setId": 0,
      "iconIdx": 27
    },
    {
      "icon": {
        "paths": [
          "M512 20.48c-271.514 0-491.571 220.058-491.571 491.52 0 271.514 220.058 491.571 491.571 491.571 271.411 0 491.52-220.058 491.52-491.571 0-271.462-220.109-491.52-491.52-491.52zM511.949 901.12c-214.886 0-389.12-174.182-389.12-389.12s174.182-389.12 389.12-389.12 389.171 174.234 389.171 389.12-174.285 389.12-389.171 389.12zM512 281.6l230.4 230.4h-128v204.8h-204.8v-204.8h-128l230.4-230.4z"
        ],
        "attrs": [],
        "isMulticolor": false,
        "isMulticolor2": false,
        "tags": [
          "arrow-with-circle-up"
        ],
        "grid": 20
      },
      "attrs": [],
      "properties": {
        "id": 31,
        "order": 3,
        "prevSize": 20,
        "name": "arrow-with-circle-up"
      },
      "setIdx": 0,
      "setId": 0,
      "iconIdx": 30
    }
  ],
  "height": 1024,
  "preferences": {
    "showGlyphs": true,
    "showCodes": true,
    "showQuickUse": true,
    "showQuickUse2": true,
    "showSVGs": true,
    "fontPref": {
      "prefix": "icon-",
      "metadata": {
        "fontFamily": "icomoon"
      },
      "metrics": {
        "emSize": 1024,
        "baseline": 6.25,
        "whitespace": 50
      },
      "embed": false,
      "autoHost": true
    },
    "imagePref": {
      "prefix": "icon-",
      "png": true,
      "useClassSelector": true,
      "color": 0,
      "bgColor": 16777215,
      "name": "icomoon",
      "classSelector": ".icon",
      "height": 256,
      "columns": 16,
      "margin": 16,
      "overrideSize": true
    },
    "historySize": 50,
    "quickUsageToken": {
      "arrow": "OTIzYjk2ODA4YzQ4MWRhYzE4N2NmMzRlYTA1MDYwODIjMSMxNjU3NDYyNTI4IyMjMDY5MzdmNzdmYjJm"
    }
  }
}